method,metric_kind,rows,cols,elements,mean_ms,median_ms,min_ms,stddev_ms,effective_bytes,effective_bandwidth_gbps,utilization_pct,reference_gbps,reference_name,repeats_per_sample,batch,note
"device d2d copy","reference",0,0,0,2.724239945,2.724239945,2.724239945,0,536870912,197.0718155,76.9715565,256.032,"theoretical_peak",1,1,"reference measurement, not a transpose: cudaMemcpy D2D over 256 MiB, 10 timed samples, traffic model 1 read + 1 write"
"GPU v0 (global)","gpu_transpose",128,128,16384,0.008312000125,0.008112000301,0.006144000217,0.001800427564,131072,16.15779033,6.31084799,256.032,"theoretical_peak",1,1,"noisy (>5% stddev)"
"GPU v1 (smem)","gpu_transpose",128,128,16384,0.007278400054,0.006144000217,0.006047999952,0.002619507642,131072,21.33333258,8.332291502,256.032,"theoretical_peak",1,1,"noisy (>5% stddev)"
"GPU v2 (smem+pad)","gpu_transpose",128,128,16384,0.007032000087,0.006144000217,0.005919999909,0.001371070679,131072,21.33333258,8.332291502,256.032,"theoretical_peak",1,1,"noisy (>5% stddev)"
"GPU v3 (capped grid)","gpu_transpose",128,128,16384,0.008816000097,0.006144000217,0.005055999849,0.006253907331,131072,21.33333258,8.332291502,256.032,"theoretical_peak",1,1,"noisy (>5% stddev)"
"cuBLAS Sgeam","gpu_transpose",128,128,16384,0.008296000003,0.007168000098,0.006144000217,0.002020922993,131072,18.28571403,7.141964299,256.032,"theoretical_peak",1,1,"noisy (>5% stddev)"
"CPU baseline","cpu_baseline",128,128,16384,0.01974981714,0.01973108673,0.01916635319,0.0004176550528,0,,,,"",957,1,"host only, no GPU transfer"
"GPU v0 (global)","gpu_transpose",512,512,262144,0.02713759998,0.0266239997,0.02559999935,0.001756628093,2097152,78.76923166,30.76538544,256.032,"theoretical_peak",1,1,"noisy (>5% stddev)"
"GPU v1 (smem)","gpu_transpose",512,512,262144,0.01790720006,0.01638399996,0.01535999961,0.004255378626,2097152,128.0000003,49.99375091,256.032,"theoretical_peak",1,1,"noisy (>5% stddev)"
"GPU v2 (smem+pad)","gpu_transpose",512,512,262144,0.0159599998,0.01577599952,0.01523199957,0.0007864368176,2097152,132.9330669,51.92048921,256.032,"theoretical_peak",1,1,""
"GPU v3 (capped grid)","gpu_transpose",512,512,262144,0.01674559987,0.01638399996,0.0153280003,0.002080507817,2097152,128.0000003,49.99375091,256.032,"theoretical_peak",1,1,"noisy (>5% stddev)"
"cuBLAS Sgeam","gpu_transpose",512,512,262144,0.01464160015,0.01228800043,0.01126400009,0.006478270242,2097152,170.6666606,66.65833202,256.032,"theoretical_peak",1,1,"noisy (>5% stddev)"
"CPU baseline","cpu_baseline",512,512,262144,0.5209723684,0.5184592105,0.5071657895,0.01129623952,0,,,,"",38,1,"host only, no GPU transfer"
"GPU v0 (global)","gpu_transpose",1024,1024,1048576,0.08978080004,0.089887999,0.08886399865,0.0006233001229,8388608,93.32289175,36.44969838,256.032,"theoretical_peak",1,1,""
"GPU v1 (smem)","gpu_transpose",1024,1024,1048576,0.0621423997,0.06180799939,0.06019200012,0.001686245981,8388608,135.7204259,53.00916522,256.032,"theoretical_peak",1,1,""
"GPU v2 (smem+pad)","gpu_transpose",1024,1024,1048576,0.06129119992,0.06143999845,0.05939200148,0.001068267145,8388608,136.5333368,53.32666885,256.032,"theoretical_peak",1,1,""
"GPU v3 (capped grid)","gpu_transpose",1024,1024,1048576,0.06457759906,0.06297599897,0.06051199883,0.005417130758,8388608,133.2032542,52.02601793,256.032,"theoretical_peak",1,1,"noisy (>5% stddev)"
"cuBLAS Sgeam","gpu_transpose",1024,1024,1048576,0.0455823997,0.04198399931,0.03993599862,0.008154026918,8388608,199.8048813,78.03902689,256.032,"theoretical_peak",1,1,"noisy (>5% stddev)"
"CPU baseline","cpu_baseline",1024,1024,1048576,2.8185525,2.8057375,2.7051,0.06660890452,0,,,,"",8,1,"host only, no GPU transfer"
"GPU v0 (global)","gpu_transpose",2048,2048,4194304,0.3431168035,0.3419039994,0.3399679959,0.003693173266,33554432,98.13992248,38.33111583,256.032,"theoretical_peak",1,1,""
"GPU v1 (smem)","gpu_transpose",2048,2048,4194304,0.173864001,0.1740640029,0.1699839979,0.002443669164,33554432,192.7706558,75.29162598,256.032,"theoretical_peak",1,1,""
"GPU v2 (smem+pad)","gpu_transpose",2048,2048,4194304,0.1742880002,0.1720319986,0.168960005,0.006417890195,33554432,195.0476206,76.18095418,256.032,"theoretical_peak",1,1,""
"GPU v3 (capped grid)","gpu_transpose",2048,2048,4194304,0.1639743984,0.1638399959,0.162688002,0.0006679876216,33554432,204.8000052,79.99000327,256.032,"theoretical_peak",1,1,""
"cuBLAS Sgeam","gpu_transpose",2048,2048,4194304,0.1491296016,0.1484799981,0.1465280056,0.001717240494,33554432,225.9862098,88.26483009,256.032,"theoretical_peak",1,1,""
"CPU baseline","cpu_baseline",2048,2048,4194304,15.09173,14.44745,12.3115,2.564942901,0,,,,"",2,1,"host only, no GPU transfer; noisy (>5% stddev)"
"GPU v0 (global)","gpu_transpose",4096,4096,16777216,1.360412776,1.35679996,1.355775952,0.007915975274,134217728,98.92226706,38.63668098,256.032,"theoretical_peak",1,1,""
"GPU v1 (smem)","gpu_transpose",4096,4096,16777216,0.6250911981,0.6103360057,0.6072639823,0.04699886615,134217728,219.9079306,85.89079905,256.032,"theoretical_peak",1,1,"noisy (>5% stddev)"
"GPU v2 (smem+pad)","gpu_transpose",4096,4096,16777216,0.6120431989,0.610175997,0.6078720093,0.005304300064,134217728,219.9655979,85.91332251,256.032,"theoretical_peak",1,1,""
"GPU v3 (capped grid)","gpu_transpose",4096,4096,16777216,0.6326079965,0.6308159828,0.6297600269,0.003319494242,134217728,212.7684327,83.10228125,256.032,"theoretical_peak",1,1,""
"cuBLAS Sgeam","gpu_transpose",4096,4096,16777216,0.5804879934,0.5795840025,0.5754879713,0.003708047463,134217728,231.5759707,90.44805756,256.032,"theoretical_peak",1,1,""
"CPU baseline","cpu_baseline",4096,4096,16777216,82.362615,82.4853,69.8684,7.785375618,0,,,,"",1,1,"host only, no GPU transfer; noisy (>5% stddev)"
"GPU v0 (global)","gpu_transpose",256,1024,262144,0.03555199988,0.03379200026,0.03276799992,0.004721707782,2097152,62.06060558,24.23939413,256.032,"theoretical_peak",1,1,"noisy (>5% stddev)"
"GPU v1 (smem)","gpu_transpose",256,1024,262144,0.02166880006,0.01945599914,0.01740800031,0.005729221152,2097152,107.7894785,42.10000253,256.032,"theoretical_peak",1,1,"noisy (>5% stddev)"
"GPU v2 (smem+pad)","gpu_transpose",256,1024,262144,0.03195680035,0.01996800024,0.01638399996,0.03222807068,2097152,105.0256398,41.02051297,256.032,"theoretical_peak",1,1,"noisy (>5% stddev)"
"GPU v3 (capped grid)","gpu_transpose",256,1024,262144,0.02114080014,0.01936000027,0.01740800031,0.005675186589,2097152,108.3239654,42.30876041,256.032,"theoretical_peak",1,1,"noisy (>5% stddev)"
"cuBLAS Sgeam","gpu_transpose",256,1024,262144,0.0195152001,0.0143360002,0.01126400009,0.009311605172,2097152,146.2857123,57.13571439,256.032,"theoretical_peak",1,1,"noisy (>5% stddev)"
"CPU baseline","cpu_baseline",256,1024,262144,0.4891009524,0.4895190476,0.4604857143,0.01609213395,0,,,,"",42,1,"host only, no GPU transfer"
"GPU v0 (global)","gpu_transpose",1024,256,262144,0.03183679972,0.02659199946,0.02559999935,0.009993539026,2097152,78.86402087,30.80240785,256.032,"theoretical_peak",1,1,"noisy (>5% stddev)"
"GPU v1 (smem)","gpu_transpose",1024,256,262144,0.01682719989,0.01628800016,0.01516800001,0.002319904884,2097152,128.7544192,50.28840894,256.032,"theoretical_peak",1,1,"noisy (>5% stddev)"
"GPU v2 (smem+pad)","gpu_transpose",1024,256,262144,0.0205087998,0.01638399996,0.01497600041,0.008747876286,2097152,128.0000003,49.99375091,256.032,"theoretical_peak",1,1,"noisy (>5% stddev)"
"GPU v3 (capped grid)","gpu_transpose",1024,256,262144,0.02150399988,0.01638399996,0.01529600006,0.01386925953,2097152,128.0000003,49.99375091,256.032,"theoretical_peak",1,1,"noisy (>5% stddev)"
"cuBLAS Sgeam","gpu_transpose",1024,256,262144,0.01462239996,0.01228800043,0.01203200035,0.0046944688,2097152,170.6666606,66.65833202,256.032,"theoretical_peak",1,1,"noisy (>5% stddev)"
"CPU baseline","cpu_baseline",1024,256,262144,0.6076342647,0.6151941176,0.5695588235,0.02369166282,0,,,,"",34,1,"host only, no GPU transfer"
"GPU v0 (global)","gpu_transpose",512,4096,2097152,0.1782464005,0.1728960052,0.1717119962,0.008621521438,16777216,97.0364583,37.90012901,256.032,"theoretical_peak",1,1,""
"GPU v1 (smem)","gpu_transpose",512,4096,2097152,0.09235840105,0.0921600014,0.08972799778,0.001768343824,16777216,182.0444417,71.10222226,256.032,"theoretical_peak",1,1,""
"GPU v2 (smem+pad)","gpu_transpose",512,4096,2097152,0.09273440056,0.09152000025,0.08908800036,0.00391321685,16777216,183.317482,71.59944148,256.032,"theoretical_peak",1,1,""
"GPU v3 (capped grid)","gpu_transpose",512,4096,2097152,0.08853279911,0.08694399893,0.08396799862,0.005454527197,16777216,192.9657734,75.36783427,256.032,"theoretical_peak",1,1,"noisy (>5% stddev)"
"cuBLAS Sgeam","gpu_transpose",512,4096,2097152,0.07757600024,0.07782399654,0.0757760033,0.001450119532,16777216,215.5789569,84.20000505,256.032,"theoretical_peak",1,1,""
"CPU baseline","cpu_baseline",512,4096,2097152,6.01517,5.9428,5.572025,0.3409035543,0,,,,"",4,1,"host only, no GPU transfer; noisy (>5% stddev)"
"GPU v0 (global)","gpu_transpose",4096,512,2097152,0.1793600023,0.1758719981,0.1740799993,0.01065212705,16777216,95.39446975,37.2588074,256.032,"theoretical_peak",1,1,"noisy (>5% stddev)"
"GPU v1 (smem)","gpu_transpose",4096,512,2097152,0.09793120064,0.09830400348,0.09312000126,0.002895606412,16777216,170.6666606,66.65833202,256.032,"theoretical_peak",1,1,""
"GPU v2 (smem+pad)","gpu_transpose",4096,512,2097152,0.101163201,0.09728000313,0.09321600199,0.01058247956,16777216,172.4631523,67.35999888,256.032,"theoretical_peak",1,1,"noisy (>5% stddev)"
"GPU v3 (capped grid)","gpu_transpose",4096,512,2097152,0.1089040011,0.104927998,0.09798400104,0.01131259835,16777216,159.8926532,62.45026137,256.032,"theoretical_peak",1,1,"noisy (>5% stddev)"
"cuBLAS Sgeam","gpu_transpose",4096,512,2097152,0.07915680073,0.07671999931,0.07456000149,0.005960498316,16777216,218.6811281,85.41163922,256.032,"theoretical_peak",1,1,"noisy (>5% stddev)"
"CPU baseline","cpu_baseline",4096,512,2097152,6.49313625,6.5207125,5.499225,0.4381367228,0,,,,"",4,1,"host only, no GPU transfer; noisy (>5% stddev)"
"GPU v0 (global)","gpu_transpose",129,129,16641,0.01037760014,0.007168000098,0.006144000217,0.005455404627,133128,18.57254439,7.253993402,256.032,"theoretical_peak",1,1,"noisy (>5% stddev)"
"GPU v1 (smem)","gpu_transpose",129,129,16641,0.00710880009,0.006175999995,0.005119999871,0.002249226742,133128,21.5556995,8.419142724,256.032,"theoretical_peak",1,1,"noisy (>5% stddev)"
"GPU v2 (smem+pad)","gpu_transpose",129,129,16641,0.01083200013,0.007087999955,0.005119999871,0.008678821448,133128,18.78216716,7.335867065,256.032,"theoretical_peak",1,1,"noisy (>5% stddev)"
"GPU v3 (capped grid)","gpu_transpose",129,129,16641,0.00820480003,0.00694399979,0.005119999871,0.003085067036,133128,19.17165957,7.487993519,256.032,"theoretical_peak",1,1,"noisy (>5% stddev)"
"cuBLAS Sgeam","gpu_transpose",129,129,16641,0.007134400145,0.006144000217,0.006016000174,0.00247142508,133128,21.66796798,8.46299212,256.032,"theoretical_peak",1,1,"noisy (>5% stddev)"
"CPU baseline","cpu_baseline",129,129,16641,0.00592569009,0.005781634938,0.005337709966,0.0004413250416,0,,,,"",3572,1,"host only, no GPU transfer; noisy (>5% stddev)"
"GPU v0 (global)","gpu_transpose",257,129,33153,0.0114559999,0.008175999857,0.007168000098,0.01045744893,265224,32.4393352,12.67003156,256.032,"theoretical_peak",1,1,"noisy (>5% stddev)"
"GPU v1 (smem)","gpu_transpose",257,129,33153,0.007371200039,0.007136000087,0.006144000217,0.001895230368,265224,37.1670399,14.51656039,256.032,"theoretical_peak",1,1,"noisy (>5% stddev)"
"GPU v2 (smem+pad)","gpu_transpose",257,129,33153,0.01033760002,0.007168000098,0.006144000217,0.01015338858,265224,37.00111556,14.4517543,256.032,"theoretical_peak",1,1,"noisy (>5% stddev)"
"GPU v3 (capped grid)","gpu_transpose",257,129,33153,0.00986560001,0.006991999922,0.006144000217,0.009902970008,265224,37.9324947,14.8155288,256.032,"theoretical_peak",1,1,"noisy (>5% stddev)"
"cuBLAS Sgeam","gpu_transpose",257,129,33153,0.009929600032,0.00809600018,0.006144000217,0.004256805332,265224,32.7598807,12.79522899,256.032,"theoretical_peak",1,1,"noisy (>5% stddev)"
"CPU baseline","cpu_baseline",257,129,33153,0.01173754343,0.0115694927,0.01087963864,0.000644865511,0,,,,"",1439,1,"host only, no GPU transfer; noisy (>5% stddev)"
"GPU v0 (global)","gpu_transpose",1000,1000,1000000,0.0913103994,0.08873599768,0.084863998,0.00750487708,8000000,90.15506908,35.2124223,256.032,"theoretical_peak",1,1,"noisy (>5% stddev)"
"GPU v1 (smem)","gpu_transpose",1000,1000,1000000,0.05593599994,0.05524799973,0.05222399905,0.003079534392,8000000,144.8016225,56.55606428,256.032,"theoretical_peak",1,1,"noisy (>5% stddev)"
"GPU v2 (smem+pad)","gpu_transpose",1000,1000,1000000,0.05947360042,0.05774400011,0.0532479994,0.005458786187,8000000,138.5425323,54.11141275,256.032,"theoretical_peak",1,1,"noisy (>5% stddev)"
"GPU v3 (capped grid)","gpu_transpose",1000,1000,1000000,0.05835520029,0.05785600096,0.05529600009,0.002151475059,8000000,138.274334,54.00666088,256.032,"theoretical_peak",1,1,""
"cuBLAS Sgeam","gpu_transpose",1000,1000,1000000,0.04978879951,0.04195199907,0.03993599862,0.02929742255,8000000,190.6941309,74.48058479,256.032,"theoretical_peak",1,1,"noisy (>5% stddev)"
"CPU baseline","cpu_baseline",1000,1000,1000000,0.854294375,0.859475,0.8220708333,0.02098672444,0,,,,"",24,1,"host only, no GPU transfer"
"GPU v0 (global)","gpu_transpose",2047,2049,4194303,0.3203935996,0.3194879889,0.312319994,0.005349640114,33554424,105.0256196,41.0205051,256.032,"theoretical_peak",1,1,""
"GPU v1 (smem)","gpu_transpose",2047,2049,4194303,0.1970031992,0.1955839992,0.1935359985,0.006121046038,33554424,171.5601693,67.0073152,256.032,"theoretical_peak",1,1,""
"GPU v2 (smem+pad)","gpu_transpose",2047,2049,4194303,0.1980576009,0.1960640028,0.1923840046,0.005940435057,33554424,171.1401559,66.84326797,256.032,"theoretical_peak",1,1,""
"GPU v3 (capped grid)","gpu_transpose",2047,2049,4194303,0.1894160002,0.1894399971,0.1853760034,0.001794581212,33554424,177.1242848,69.18052619,256.032,"theoretical_peak",1,1,""
"cuBLAS Sgeam","gpu_transpose",2047,2049,4194303,0.1802223995,0.1781760007,0.176128,0.005354798944,33554424,188.3217934,73.55400631,256.032,"theoretical_peak",1,1,""
"CPU baseline","cpu_baseline",2047,2049,4194303,7.850526667,7.794,7.5932,0.1821588423,0,,,,"",3,1,"host only, no GPU transfer"
