method,M,N,K,mean_ms,gflops,arithmetic_intensity_flop_per_byte,effective_bandwidth_gbps,bandwidth_utilization_pct,device_peak_bandwidth_gbps
"CPU swap-loop",256,256,256,4.3321,7.74553496,42.66666667,0.1815359756,0.07090362752,256.032
"GPU v0 naive",256,256,256,0.06091360096,550.8528715,42.66666667,12.91061418,5.04257834,256.032
"GPU v1 block-loop",256,256,256,0.06027840097,556.657633,42.66666667,13.04666327,5.095715876,256.032
"GPU v2 row-smem",256,256,256,0.04916480072,682.4889252,42.66666667,15.99583418,6.247591779,256.032
"GPU v3 pitch",256,256,256,0.04906240068,683.9133742,42.66666667,16.02921971,6.26063137,256.032
"GPU v4 checkerboard",256,256,256,0.07702560164,435.627003,42.66666667,10.21000788,3.987785856,256.032
"GPU v5 pitch-nocheck",256,256,256,0.07509120256,446.849043,42.66666667,10.47302445,4.09051386,256.032
"GPU v7 pitch-subtile",256,256,256,0.06802720055,493.2502253,42.66666667,11.56055216,4.515276276,256.032
"GPU cublas fp32",256,256,256,0.02119520046,1583.114633,42.66666667,37.10424922,14.49203585,256.032
"GPU block-tiling",256,256,256,0.07008480094,478.7690276,42.66666667,11.22114909,4.382713522,256.032
"GPU thread-tiling",256,256,256,0.08175519779,410.4256721,42.66666667,9.619351689,3.757089617,256.032
"GPU warp-tiling",256,256,256,0.08461919874,396.534504,42.66666667,9.293777437,3.62992807,256.032
"GPU warp-float4",256,256,256,0.07530399971,445.5863185,42.66666667,10.44342934,4.078954717,256.032
"GPU swizzle-zorder",256,256,256,0.05911840033,567.5801749,42.66666667,13.30266035,5.195702236,256.032
"GPU double-buffer",256,256,256,0.03445120007,973.9699033,42.66666667,22.82741961,8.915846304,256.032
"GPU cp.async-3stage",256,256,256,0.03969119973,845.3871947,42.66666667,19.81376238,7.738783581,256.032
"CPU swap-loop",512,512,512,29.4649,9.110346752,85.33333333,0.106761876,0.04169864548,256.032
"GPU v0 naive",512,512,512,0.3151232019,851.8428804,85.33333333,9.982533755,3.898939881,256.032
"GPU v1 block-loop",512,512,512,0.3210367993,836.1516705,85.33333333,9.798652389,3.827120199,256.032
"GPU v2 row-smem",512,512,512,0.2393503986,1121.516645,85.33333333,13.14277318,5.133254117,256.032
"GPU v3 pitch",512,512,512,0.2322351992,1155.877563,85.33333333,13.54544019,5.290526257,256.032
"GPU v4 checkerboard",512,512,512,0.3760992005,713.7357793,85.33333333,8.364091164,3.266814759,256.032
"GPU v5 pitch-nocheck",512,512,512,0.3676944032,730.0504268,85.33333333,8.555278439,3.341487954,256.032
"GPU v7 pitch-subtile",512,512,512,0.3216527969,834.5503556,85.33333333,9.77988698,3.819790878,256.032
"GPU cublas fp32",512,512,512,0.0557488,4815.089401,85.33333333,56.42682892,22.03897517,256.032
"GPU block-tiling",512,512,512,0.1155072007,2323.971616,85.33333333,27.23404238,10.63696818,256.032
"GPU thread-tiling",512,512,512,0.1313407995,2043.808604,85.33333333,23.95088208,9.35464398,256.032
"GPU warp-tiling",512,512,512,0.1335423984,2010.114086,85.33333333,23.55602444,9.200421995,256.032
"GPU warp-float4",512,512,512,0.1240800016,2163.406291,85.33333333,25.35241748,9.90205032,256.032
"GPU swizzle-zorder",512,512,512,0.1190320015,2255.153678,85.33333333,26.42758217,10.32198404,256.032
"GPU double-buffer",512,512,512,0.07077120133,3793.004089,85.33333333,44.44926666,17.36082469,256.032
"GPU cp.async-3stage",512,512,512,0.06507839933,4124.801144,85.33333333,48.3375134,18.87948124,256.032
"CPU swap-loop",1024,1024,1024,256.5671,8.370066341,170.6666667,0.04904335747,0.01915516712,256.032
"GPU v0 naive",1024,1024,1024,2.695654404,796.6465006,170.6666667,4.66785059,1.823151243,256.032
"GPU v1 block-loop",1024,1024,1024,2.641502368,812.978127,170.6666667,4.763543713,1.860526697,256.032
"GPU v2 row-smem",1024,1024,1024,1.874888003,1145.393029,170.6666667,6.711287277,2.621268934,256.032
"GPU v3 pitch",1024,1024,1024,1.851806402,1159.669631,170.6666667,6.794939247,2.653941401,256.032
"GPU v4 checkerboard",1024,1024,1024,2.995072031,717.0056766,170.6666667,4.201205136,1.640890645,256.032
"GPU v5 pitch-nocheck",1024,1024,1024,2.754219174,779.7068832,170.6666667,4.568595019,1.784384381,256.032
"GPU v7 pitch-subtile",1024,1024,1024,2.390289569,898.4198718,170.6666667,5.264178936,2.056062889,256.032
"GPU cublas fp32",1024,1024,1024,0.2714783996,7910.329702,170.6666667,46.3495881,18.10304497,256.032
"GPU block-tiling",1024,1024,1024,0.5800016016,3702.54779,170.6666667,21.69461596,8.473400183,256.032
"GPU thread-tiling",1024,1024,1024,0.6115680069,3511.438832,170.6666667,20.57483691,8.036041162,256.032
"GPU warp-tiling",1024,1024,1024,0.467635195,4592.2199,170.6666667,26.90753847,10.50944354,256.032
"GPU warp-float4",1024,1024,1024,0.4564351991,4704.90368,170.6666667,27.567795,10.76732401,256.032
"GPU swizzle-zorder",1024,1024,1024,0.4309296012,4983.374644,170.6666667,29.19946081,11.4046138,256.032
"GPU double-buffer",1024,1024,1024,0.3147055969,6823.786006,170.6666667,39.98312113,15.61645463,256.032
"GPU cp.async-3stage",1024,1024,1024,0.3228016019,6652.642476,170.6666667,38.98032701,15.22478714,256.032
"CPU swap-loop",2048,2048,2048,3150.7107,5.452696493,341.3333333,0.01597469676,0.006239336004,256.032
"GPU v0 naive",2048,2048,2048,23.85689917,720.1216329,341.3333333,2.109731346,0.8240108059,256.032
"GPU v1 block-loop",2048,2048,2048,22.19434557,774.0651388,341.3333333,2.267768961,0.8857365335,256.032
"GPU v2 row-smem",2048,2048,2048,16.10720167,1066.595523,341.3333333,3.12479157,1.220469148,256.032
"GPU v3 pitch",2048,2048,2048,15.44186888,1112.551163,341.3333333,3.259427236,1.273054632,256.032
"GPU v4 checkerboard",2048,2048,2048,22.15006561,775.6125641,341.3333333,2.272302434,0.8875071998,256.032
"GPU v5 pitch-nocheck",2048,2048,2048,21.58882093,795.7761675,341.3333333,2.331375491,0.9105797286,256.032
"GPU v7 pitch-subtile",2048,2048,2048,18.8565362,911.0829796,341.3333333,2.669188417,1.04252141,256.032
"GPU cublas fp32",2048,2048,2048,2.017199969,8516.691179,341.3333333,24.95124369,9.745361395,256.032
"GPU block-tiling",2048,2048,2048,3.849115193,4463.329447,341.3333333,13.07616049,5.107236786,256.032
"GPU thread-tiling",2048,2048,2048,3.853777623,4457.92956,341.3333333,13.06034051,5.101057879,256.032
"GPU warp-tiling",2048,2048,2048,2.852683198,6022.35439,341.3333333,17.64361638,6.89117625,256.032
"GPU warp-float4",2048,2048,2048,2.627636814,6538.1445,341.3333333,19.15472021,7.481377412,256.032
"GPU swizzle-zorder",2048,2048,2048,2.464568007,6970.742595,341.3333333,20.42209745,7.976384767,256.032
"GPU double-buffer",2048,2048,2048,2.059814405,8340.493754,341.3333333,24.4350403,9.543744648,256.032
"GPU cp.async-3stage",2048,2048,2048,2.199433601,7811.042432,341.3333333,22.88391338,8.937911424,256.032
"CPU swap-loop",4096,4096,4096,41014.0317,3.351022754,682.6666667,0.004908724738,0.001917230947,256.032
"GPU v0 naive",4096,4096,4096,207.3337395,662.8875446,682.6666667,0.9710266767,0.3792598881,256.032
"GPU v1 block-loop",4096,4096,4096,171.8908653,799.5710139,682.6666667,1.171246602,0.4574610214,256.032
"GPU v2 row-smem",4096,4096,4096,158.9403648,864.7202592,682.6666667,1.266680067,0.4947350593,256.032
"GPU v3 pitch",4096,4096,4096,159.1121742,863.7865339,682.6666667,1.265312305,0.4942008442,256.032
"GPU v4 checkerboard",4096,4096,4096,187.5819191,732.6876393,682.6666667,1.073272909,0.4191948308,256.032
"GPU v5 pitch-nocheck",4096,4096,4096,185.3782829,741.3972732,682.6666667,1.086031162,0.4241779004,256.032
"GPU v7 pitch-subtile",4096,4096,4096,151.3738197,907.9440138,682.6666667,1.329996114,0.5194647989,256.032
"GPU cublas fp32",4096,4096,4096,17.63219995,7794.77058,682.6666667,11.41812097,4.459646047,256.032
"GPU block-tiling",4096,4096,4096,36.29357605,3786.867221,682.6666667,5.547168781,2.166591981,256.032
"GPU thread-tiling",4096,4096,4096,37.62383804,3652.975364,682.6666667,5.351038131,2.089988021,256.032
"GPU warp-tiling",4096,4096,4096,23.85195541,5762.16713,682.6666667,8.440674507,3.296726388,256.032
"GPU warp-float4",4096,4096,4096,21.49401121,6394.290583,682.6666667,9.366636596,3.658385122,256.032
"GPU swizzle-zorder",4096,4096,4096,20.16293612,6816.415659,682.6666667,9.984983876,3.899896839,256.032
"GPU double-buffer",4096,4096,4096,18.25112333,7530.438043,682.6666667,11.0309151,4.30841266,256.032
"GPU cp.async-3stage",4096,4096,4096,18.64211512,7372.497842,682.6666667,10.79955739,4.218049848,256.032
